{
    "round": [
        0,
        1,
        2,
        3,
        4,
        5,
        6,
        7,
        8,
        9,
        10
    ],
    "test_loss": [
        2.30304072265625,
        1.854430265045166,
        1.3426885272979736,
        1.2443290489196777,
        1.1407674417495728,
        1.0578254692077638,
        0.9994344672203064,
        0.9572409745216369,
        0.9151430397987366,
        0.8740014427185059,
        0.8361492531776428
    ],
    "test_acc": [
        0.1,
        0.4023,
        0.5093,
        0.5475,
        0.5849,
        0.6249,
        0.6474,
        0.6624,
        0.6709,
        0.693,
        0.709
    ]
}