{
  "epoch": [
    1,
    2,
    3,
    4,
    5,
    6,
    7,
    8,
    9,
    10
  ],
  "train_loss": [
    1.5641727642059327,
    1.203996056137085,
    1.0207541297531129,
    0.9000400434875488,
    0.804087330417633,
    0.735501884803772,
    0.6751462018013,
    0.6132191795921326,
    0.5659187868309021,
    0.5134252220535278
  ],
  "test_loss": [
    1.3336708988189698,
    1.105503403186798,
    0.9498648229598999,
    0.8631953203201294,
    0.8827501515388488,
    0.772145073890686,
    0.7598202575683594,
    0.7242102289199829,
    0.8184437385559082,
    0.7195561829566955
  ],
  "test_acc": [
    0.5162,
    0.6018,
    0.6608,
    0.6978,
    0.6957,
    0.7316,
    0.7355,
    0.7514,
    0.7325,
    0.7606
  ]
}