{
  "experiment_name": "fedavg_cifar10_centralized",
  "num_epochs": 10,
  "final_test_acc": 0.7606,
  "final_test_loss": 0.7195561829566955,
  "total_time_sec": 445.85811829566956
}