{
  "epoch": [
    1,
    2,
    3
  ],
  "train_loss": [
    1.5641727642059327,
    1.203996056137085,
    1.0207541297531129
  ],
  "test_loss": [
    1.3336708988189698,
    1.105503403186798,
    0.9498648229598999
  ],
  "test_acc": [
    0.5162,
    0.6018,
    0.6608
  ]
}