epoch,train_loss,test_loss,test_acc
1,1.5641727642059327,1.3336708988189698,0.5162
2,1.203996056137085,1.105503403186798,0.6018
3,1.0207541297531129,0.9498648229598999,0.6608
