{
    "round": [
        0,
        1,
        2,
        3,
        4,
        5,
        6,
        7,
        8,
        9,
        10
    ],
    "test_loss": [
        2.3033341930389404,
        1.9558056148529053,
        1.3773609092712402,
        1.2519825708389283,
        1.1484686714172363,
        1.0739391653060912,
        1.0128304330825806,
        0.947921877861023,
        0.9269325469017029,
        0.8726333192825317,
        0.8369467975616455
    ],
    "test_acc": [
        0.0999,
        0.396,
        0.5011,
        0.5485,
        0.5905,
        0.6116,
        0.6383,
        0.6618,
        0.6761,
        0.6905,
        0.7065
    ]
}