{
    "round": [
        0,
        1,
        2,
        3,
        4,
        5,
        6,
        7,
        8,
        9,
        10
    ],
    "test_loss": [
        2.3036515605926513,
        1.8614866416931153,
        1.3736917404174804,
        1.2649752143859863,
        1.1250293511390685,
        1.0537012456893922,
        0.9902523506164551,
        0.9235216270446778,
        0.887273752117157,
        0.8612378728866578,
        0.8254459089279175
    ],
    "test_acc": [
        0.1006,
        0.4156,
        0.506,
        0.5383,
        0.5924,
        0.6202,
        0.6442,
        0.6748,
        0.6856,
        0.6958,
        0.7118
    ]
}