{
    "round": [
        0,
        1,
        2,
        3
    ],
    "test_loss": [
        2.3033360851287843,
        1.9693997993469239,
        1.4088753564834595,
        1.2650845682144165
    ],
    "test_acc": [
        0.1,
        0.3705,
        0.4894,
        0.545
    ]
}