round,test_loss,test_acc
0,2.3033360851287843,0.1
1,1.9693997993469239,0.3705
2,1.4088753564834595,0.4894
3,1.2650845682144165,0.545
